{
	"name": "StarHusky",
	"short_name": "StarHusky",
	"description": "Jump for snowflakes as a husky and journey into the nights sky. A basic Construct 3 game. All assets and code are public domain but appreciate attribution.",
	"start_url": "index.html",
	"display": "fullscreen",
	"orientation": "portrait",
	"background_color": "#ffffff",
	"icons": [
		{
			"src": "icons/icon-16.png",
			"sizes": "16x16",
			"type": "image/png"
		},
		{
			"src": "icons/icon-32.png",
			"sizes": "32x32",
			"type": "image/png"
		},
		{
			"src": "icons/icon-114.png",
			"sizes": "114x114",
			"type": "image/png"
		},
		{
			"src": "icons/icon-128.png",
			"sizes": "128x128",
			"type": "image/png"
		},
		{
			"src": "icons/icon-256.png",
			"sizes": "256x256",
			"type": "image/png"
		}
	]
}